{
  "total_requests": 5000,
  "successful_requests": 2576,
  "failed_requests": 2424,
  "total_time": 683.7715830802917,
  "throughput": 3.7673399476408393,
  "latency": {
    "mean": 4729.264186683649,
    "median": 4001.2364387512207,
    "p50": 4001.2364387512207,
    "p95": 9061.053812503815,
    "p99": 12667.605698108673,
    "min": 316.64228439331055,
    "max": 17302.050828933716,
    "std": 2442.9815299901834
  },
  "node_distribution": {
    "worker_2": 854,
    "worker_3": 936,
    "worker_1": 786
  }
}